Sample 1,,
Time (min),Abs,
0.004166666884,1.280117631,
0.01250000112,1.281144381,
0.02083333582,1.281369567,
0.02916666865,1.278913975,
0.03750000149,1.278623939,
0.04583333805,1.279158592,
0.05416667089,1.279375911,
0.06250000745,1.278074622,
0.07083333284,1.277435303,
0.07916667312,1.277342796,
0.08750000596,1.278142095,
0.0958333388,1.278428555,
0.1041666716,1.278181434,
0.1125000045,1.278427124,
0.1208333448,1.278256774,
0.1291666776,1.278740287,
0.137500003,1.2800138,
0.1458333284,1.280469894,
0.1541666836,1.279357433,
0.1625000089,1.27876544,
0.1708333492,1.27834177,
0.1791666895,1.278796196,
0.1875000149,1.278350472,
0.1958333552,1.278514504,
0.2041666806,1.277790546,
0.2125000209,1.279039383,
0.2208333462,1.280348301,
0.2291666865,1.28101027,
0.2375000119,1.281433225,
0.2458333522,1.281874418,
0.2541666925,1.279820442,
0.2625000179,1.279626489,
0.2708333433,1.280496716,
0.2791666687,1.279564857,
0.287499994,1.27900815,
0.2958333194,1.279403329,
0.3041666746,1.279599547,
0.3125000298,1.279456735,
0.3208333552,1.278742075,
0.3291667104,1.280719876,
0.3375000358,1.280577302,
0.3458333611,1.279382229,
0.3541666865,1.279841542,
0.3625000417,1.281311631,
0.3708333671,1.280181766,
0.3791666925,1.280334353,
0.3875000179,1.27946651,
0.3958333731,1.279218674,
0.4041666985,1.278547525,
0.4125000238,1.27940762,
0.420833379,1.279083371,
0.4291667044,1.279574275,
0.4375000298,1.279676557,
0.4458333552,1.279200435,
0.4541667104,1.27908349,
0.4625000358,1.279259205,
0.4708333611,1.279506207,
0.4791666865,1.278982878,
0.4875000417,1.281087756,
0.4958333671,1.279689908,
0.5041667223,1.280121565,
0.5125000477,1.281679749,
0.5208333731,1.282335758,
0.5291666985,1.282459497,
0.5375000238,1.282554746,
0.5458333492,1.281565428,
0.5541666746,1.280709982,
0.5625,1.279929757,
0.5708333254,1.279021978,
0.5791666508,1.279819012,
0.5874999762,1.279822707,
0.5958333611,1.27773881,
0.6041666865,1.27861917,
0.6125000715,1.278779626,
0.6208333969,1.278719306,
0.6291667223,1.279314518,
0.6375000477,1.279574275,
0.6458333731,1.281128883,
0.6541667581,1.28016901,
0.6625000834,1.279324293,
0.6708334088,1.279318213,
0.6791667342,1.277853727,
0.6875000596,1.279084086,
0.695833385,1.279594779,
0.7041667104,1.279352069,
0.7125000358,1.279784679,
0.7208334208,1.279727221,
0.7291667461,1.280238748,
0.7375000715,1.279867053,
0.7458333969,1.279666543,
0.7541667223,1.279267073,
0.7625000477,1.279529333,
0.7708333731,1.280543327,
0.7791667581,1.280134201,
0.7875000834,1.280616522,
0.7958334088,1.278934836,
0.8041667342,1.279432058,
0.8125000596,1.278685808,
0.820833385,1.279699683,
0.8291667104,1.279055476,
0.8375000358,1.279441237,
0.8458334208,1.279285669,
0.8541667461,1.278779864,
0.8625000715,1.280882955,
0.8708333969,1.280556917,
0.8791667223,1.279643416,
0.8875000477,1.280049562,
0.8958333731,1.280174851,
0.9041667581,1.279047132,
0.9125000834,1.279130101,
0.9208334088,1.278828025,
0.9291667342,0.01470757741,
0.9375000596,-0.4065288007,
0.945833385,-0.3992551267,
0.9541667104,-0.4132522047,
0.9625000358,0.5913055539,
0.9708334208,1.244000912,
0.9791667461,1.232918739,
0.9875000715,1.225988388,
0.9958333969,1.222450852,
1.004166722,1.218878031,
1.012500048,1.217050433,
1.020833373,1.212170839,
1.029166698,1.209861636,
1.037500024,1.206725478,
1.045833349,1.203792214,
1.054166675,1.201800108,
1.062500119,1.199023843,
1.070833325,1.196902752,
1.079166651,1.195917368,
1.087499976,1.189804316,
1.095833302,1.187237382,
1.104166627,1.185992956,
1.112499952,1.184576869,
1.120833278,1.182218909,
1.129166722,1.182193995,
1.137500048,1.17607379,
1.145833373,1.171720028,
1.154166698,1.171433806,
1.162500024,1.171893477,
1.170833349,1.171306014,
1.179166675,1.169209957,
1.1875,1.165553093,
1.195833325,1.164244771,
1.204166651,1.161550522,
1.212499976,1.161109328,
1.220833421,1.157945395,
1.229166746,1.160562396,
1.237500072,1.157426834,
1.245833516,1.155436039,
1.254166842,1.152188301,
1.262500167,1.151987433,
1.270833492,1.151013494,
1.279166818,1.152657151,
1.287500143,1.14902854,
1.295833468,1.147098303,
1.304166794,1.145080924,
1.312500119,1.144821167,
1.320833445,1.142598391,
1.32916677,1.142747998,
1.337500095,1.140837431,
1.345833421,1.142044663,
1.354166746,1.138133287,
1.362500072,1.133372784,
1.370833516,1.13515842,
1.379166842,1.137198329,
1.387500167,1.135036111,
1.395833492,1.134306431,
1.404166818,1.131572366,
1.412500143,1.131698966,
1.420833468,1.131145835,
1.429166794,1.130038619,
1.437500119,1.130398273,
1.445833445,1.13042748,
1.45416677,1.128111005,
1.462500095,1.126909733,
1.470833421,1.12727344,
1.479166746,1.126501799,
1.487500072,1.126501799,
1.495833516,1.125420928,
1.504166842,1.124814749,
1.512500167,1.125468969,
1.520833492,1.123603463,
1.529166818,1.120226741,
1.537500143,1.121165633,
1.545833468,1.119852066,
1.554166794,1.119213343,
1.562500119,1.11803472,
1.570833445,1.116315603,
1.57916677,1.118092418,
1.587500095,1.116387725,
1.595833421,1.118419766,
1.604166746,1.11281848,
1.612500072,1.115707159,
1.620833516,1.111482024,
1.629166842,1.111124158,
1.637500167,1.110472918,
1.645833492,1.110641003,
1.654166818,1.114527106,
1.662500143,1.109511495,
1.670833468,1.112736344,
1.679166794,1.1082021,
1.687500119,1.10918653,
1.695833445,1.108250618,
1.70416677,1.10761857,
1.712500095,1.106715083,
1.720833421,1.107855678,
1.729166746,1.105239868,
1.737500072,1.106479883,
1.745833516,1.104368567,
1.754166842,1.105638504,
1.762500167,1.105220795,
1.770833492,1.103257895,
1.779166818,1.104388118,
1.787500143,1.102409601,
1.795833468,1.10398984,
1.804166794,1.102944613,
1.812500119,1.101339221,
1.820833445,1.10218215,
1.82916677,1.097941995,
1.837500095,1.103556871,
1.845833421,1.100479245,
1.854166746,1.102142334,
1.862500072,1.097718239,
1.870833516,1.098136783,
1.879166842,1.098438382,
1.887500167,1.098711014,
1.895833492,1.097116232,
1.904166818,1.098294973,
1.912500143,1.098103642,
1.920833468,1.097826362,
1.929166794,1.095242977,
1.937500119,1.096142411,
1.945833445,1.096063495,
1.95416677,1.095900893,
1.962500095,1.094040036,
1.970833421,1.096373916,
1.979166746,1.09254086,
1.987500072,1.092785001,
1.995833516,1.091049671,
2.004166842,1.094794512,
2.012500048,1.093542099,
2.020833492,1.093196511,
2.029166698,1.095423698,
2.037500143,1.093405962,
2.045833349,1.092820883,
2.054166794,0.2580469549,
2.062500238,-0.3543140888,
2.070833445,-0.3544964194,
2.079166889,0.01654516347,
2.087500095,1.05582726,
2.09583354,1.027980447,
2.104166746,1.024034262,
2.112500191,1.018614054,
2.120833397,1.009956717,
2.129166842,1.003696918,
2.137500048,1.000989437,
2.145833254,1.000674009,
2.154166698,0.9972023368,
2.162499905,0.9943132997,
2.170833349,0.9916712642,
2.179166555,0.9881649613,
2.1875,0.985679388,
2.195833445,0.9848296642,
2.204166651,0.9841328263,
2.212500095,0.9804535508,
2.220833302,0.9776225686,
2.229166746,0.9769912958,
2.237499952,0.9745417833,
2.245833397,0.9736129642,
2.254166603,0.9719752669,
2.262500048,0.9689685702,
2.270833254,0.9685334563,
2.279166698,0.9670631886,
2.287499905,0.9660109878,
2.295833349,0.9643828869,
2.304166555,0.962007165,
2.3125,0.9603565335,
2.320833445,0.9593924284,
2.329166651,0.9575434923,
2.337500095,0.9570254683,
2.345833302,0.9557518363,
2.354166746,0.9546508789,
2.362499952,0.9525010586,
2.370833397,0.9509823918,
2.379166603,0.9515263438,
2.387500048,0.9497684836,
2.395833254,0.9489303827,
2.404166698,0.9469389915,
2.412499905,0.9464043975,
2.420833349,0.9446356297,
2.429166555,0.9441743493,
2.4375,0.9444489479,
2.445833683,0.943349123,
2.454166889,0.9435119629,
2.462500334,0.9410790801,
2.47083354,0.9406126142,
2.479166985,0.9403890371,
2.487500191,0.9398784637,
2.495833635,0.9396709204,
2.504166842,0.9374338388,
2.512500286,0.9362950325,
2.520833492,0.9357955456,
2.529166937,0.935140729,
2.537500143,0.933437109,
2.545833588,0.9335277081,
2.554167032,0.9327071309,
2.562500238,0.9316550493,
2.570833683,0.9318080544,
2.579166889,0.9325421453,
2.587500334,0.9308425784,
2.59583354,0.930888772,
2.604166985,0.9283406734,
2.612500191,0.9290634394,
2.620833635,0.9280958772,
2.629166842,0.9276931286,
2.637500286,0.9283617735,
2.645833492,0.9263820052,
2.654166937,0.9244433045,
2.662500143,0.9256058335,
2.670833588,0.9264428616,
2.679167032,0.9260733128,
2.687500238,0.9255006313,
2.695833683,0.9253832698,
2.704166889,0.9239937663,
2.712500334,0.9242606163,
2.72083354,0.922362864,
2.729166985,0.9226260185,
2.737500191,0.921051681,
2.745833635,0.9199325442,
2.754166842,0.9192349911,
2.762500286,0.9200467467,
2.770833492,0.9195742607,
2.779166937,0.9206665754,
2.787500143,0.9206005931,
2.795833588,0.9188177586,
2.804167032,0.9185052514,
2.812500238,0.9177358747,
2.820833683,0.9184011817,
2.829166889,0.9184039831,
2.837500334,0.9168192744,
2.84583354,0.91718328,
2.854166985,0.9158940315,
2.862500191,0.9146117568,
2.870833635,0.9166722894,
2.879166842,0.9145584702,
2.887500286,0.9137513041,
2.895833492,0.9147251844,
2.904166937,0.9149670601,
2.912500143,0.9152510762,
2.920833588,0.9154601693,
2.929167032,0.914606452,
2.937500238,0.9141976833,
2.945833683,0.9130333066,
2.954166889,0.9136097431,
2.962500334,0.9124941826,
2.97083354,0.9130798578,
2.979166985,0.9124163389,
2.987500191,0.9116427898,
2.995833635,0.9108415842,
3.004166842,0.912048161,
3.012500286,0.9113930464,
3.020833492,0.9111232162,
3.029166937,0.9105635881,
3.037500143,0.9102095366,
3.045833588,0.9100067616,
3.054167032,0.9107045531,
3.062500238,0.9100701213,
3.070833683,0.9102385044,
3.079166889,0.9089926481,
3.087500334,0.909178257,
3.09583354,0.9093623757,
3.104166985,0.9072737098,
3.112500191,0.907510519,
3.120833635,0.9084041715,
3.129166842,0.9068501592,
3.137500286,0.9074729085,
3.145833492,0.9073352814,
3.154166937,0.9068263769,
3.162500143,0.9065260291,
3.170833588,0.906683743,
3.179167032,0.9047424793,
3.187500238,0.9065123796,
3.195833683,0.9053311944,
3.204166889,0.905769825,
3.212500334,0.9049443603,
3.22083354,0.9032331109,
3.229166985,0.905079782,
3.237500191,0.9052596688,
3.245833635,0.9038886428,
3.254166842,0.905533731,
3.262500286,0.9037444592,
3.270833492,0.9026547074,
3.279166937,0.9056039453,
3.287500143,0.9043221474,
3.295833588,0.9047287703,
3.304167032,0.9045873284,
3.312500238,0.9044859409,
3.320833683,0.9032939076,
3.329166889,0.9041840434,
3.337500334,0.9029448032,
3.34583354,0.9034164548,
3.354166985,0.9041635394,
3.362500191,0.9038217664,
3.370833635,0.9045407772,
3.379166842,0.903768003,
3.387500286,0.9039208889,
3.395833492,0.9032990932,
3.404166937,0.9034996033,
3.412500143,0.902508378,
3.420833588,0.9037129879,
3.429167032,0.902358532,
3.437500238,0.9019914269,
3.445833683,0.9033814073,
3.454166889,0.9026358128,
3.462500334,0.9017159343,
3.47083354,0.9018123746,
3.479166985,0.9012293816,
3.487500191,0.9008352757,
3.495833635,0.9014077783,
3.504166842,0.9020305872,
3.512500286,0.9014937282,
3.520833492,0.9012479782,
3.529166937,0.9009370804,
3.537500143,0.8996053338,
3.545833588,0.8999432921,
3.554167032,0.8992064595,
3.562500238,0.9005589485,
3.570833683,0.9005125761,
3.579166889,0.9006387591,
3.587500334,0.9001110196,
3.59583354,0.898788929,
3.604166985,0.8996269703,
3.612500191,0.8977065086,
3.620833635,0.8978700638,
3.629166842,0.8987851143,
3.637500286,0.8977449536,
3.645833492,0.8976672888,
3.654166937,0.8989209533,
3.662500143,0.896679461,
3.670833588,0.8982837796,
3.679167032,0.8986382484,
3.687500238,0.898575902,
3.695833683,0.8989455104,
3.704166889,0.8988323212,
3.712500334,0.8998416066,
3.72083354,0.8997576833,
3.729166985,0.8982739449,
3.737500191,0.898193717,
3.745833635,0.898417592,
3.754166842,0.8984543085,
3.762500286,0.8988386393,
3.770833492,0.8981315494,
3.779166937,0.8986338973,
3.787500143,0.8973584771,
3.795833588,0.8973761797,
3.804167032,0.8971655369,
3.812500238,0.8972178698,
3.820833683,0.8973389268,
3.829166889,0.8974345922,
3.837500334,0.8975151777,
3.84583354,0.8972102404,
3.854166985,0.8975163102,
3.862500191,0.8969260454,
3.870833635,0.8967884779,
3.879166842,0.895947814,
3.887500286,0.8962180018,
3.895833492,0.8956590295,
3.904166937,0.8960388303,
3.912500143,0.8960260749,
3.920833588,0.8959679604,
3.929167032,0.8952701092,
3.937500238,0.8958805799,
3.945833683,0.8956013322,
3.954166889,0.8950660229,
3.962500334,0.8948503733,
3.97083354,0.895588398,
3.979166985,0.8939585686,
3.987500191,0.8942722082,
3.995833635,0.8938647509,
4.00416708,0.8936774731,

Sample 1,
Sample 1
Collection Time: 24/09/2026 17:25:33
Operator Name  :
Kinetics Software Version: 3.00(182)
Parameter List :
Instrument                        Cary 100
Instrument version                10.00
Wavelength (nm)                   340.00
Ordinate mode                     Abs
SBW (nm)                          1.0
Ave Time (sec)                    0.500
Cycle Time(min)                   0.00
Stop Time(min)                    4.00
Comments
Method Log     :
Method Name    : C:\Documents and Settings\UV\Bureau\Groupes\CSH\Lucile\240926\QS338\oxydase3.BKN
Date/Time stamp: 24/09/2026 17:25:33
Method Modifications:
Saved as C:\Documents and Settings\UV\Bureau\Groupes\CSH\Lucile\240926\QS338\oxydase3.BKN
End Method Modifications
<Current Wavelength> , 340.00
<Cycle Count> , 1

